{
    "AWSEBDockerrunVersion": 2,
    "volumes": [{
        "name": "db",
        "host": {
            "sourcePath": "/src"
        }
    }],
    "containerDefinitions": [{
            "name": "rest",
            "image": "tquinlan1992/angulargulp:beanstalk",
            "essential": true,
            "memory": 128,
            "portMappings": [{
                "hostPort": 3000,
                "containerPort": 3000
            }],
            "links": [
                "db"
            ]
        },
        {
            "name": "ui",
            "image": "tquinlan1992/angulargulp:beanstalk",
            "command": ["runClientServer"],
            "essential": true,
            "memory": 128,
            "portMappings": [{
                "hostPort": 80,
                "containerPort": 3000
            }]
        },
        {
            "name": "db",
            "image": "mongo",
            "essential": true,
            "memory": 128,
            "portMappings": [{
				"hostPort": 27017,
                "containerPort": 27017
            }],
            "mountPoints": [{
                "sourceVolume": "db",
                "containerPath": "/data/db",
				"readOnly": false
            }]
        }
    ],
    "server": {
        "auth": "auth_token",
        "email": "email"
    }
}
